name,start_position,end_position,strand,mirna_sequence,mirna_length,quality,nb_reads,reads_distribution,%GC,mfe,mfei,amfe,alignment,structure_stemloop,sequence
1,6454664,6454931,-,,,2,204,0,30.60,-23.95,-0.820731707317073,-25.1119402985075,2,((((.(((..((((((((.(((....(((((((..(((((((.((((((((((.((........................................................................................................................................................)).))))))))))))))))))))))))...)))...))......))))))..))).)))),GUUAAACUUAAAUUGGCAUUGGUUUAGAGAUUUUAGUUGGUUUAAUUCAAUUUUACAAAACUUGAUGGGUUAAUUGGGUAAACCAUUGAAACCAUUAACCAUUACAACCUAACUUAUUUUAUUCAUCAAACCAAUUGACUCAUCAAAUCAUUUGACUCAUCAACUCAUUUGAGUCAAAAUUUUCAACUCAUUACGGUUUAUGGGUUGAGUUGAAUUGAGUUGACCAAUGAAUUUUGACCCAUUUUGAUACCCCUAAUUGUAGUAUAGC,
1,6514677,6514930,+,CUUAUUUACAAUGUCAUGCUACU,23,3,35,1,16.14,-7.12,-0.917073170731707,-14.8031496062992,1,((((.....(((.(((((((.(((((((.(((((((((((............................................................................................................................................................................))))))))))).)))..)))).))))))).))).....)))),GUAUUUUGUUAACAAUAUUUUAAAAUAAAGUUUUUUGUUUAAAUAAAUAUUGUUCUUACUAAACGUUUUUUGUUUAAAUAAACAAAUCAUGUAUUUGAACUUAUUUACAAUGUCAUGCUACUGACAUUAAUUAUUUAGGCAUGAAAAUAUUUAAUUAAAGAUUUAAAUCUUCUAAAUUCUUGCUUUUAGAGUUAUUAUAUCAUUAUUUAAAGAGGCAAAAAAUAUUAAUUUUUUAAAUAUUAUUAUAUAUAUAU,
1,6538400,6538487,-,AGAUGAUGGGCUUAGAUGAUGGGC,24,4,1210,2,38.64,-25.80,-0.758823529411765,-29.3181818181818,0,((((((.((((...((((((((((..((((.(((((((((......))))..))))))))))))))..)))))....)))).)))))),CCCUAGAAACAUCUAGAUGAUGGGCUUAGAUGAUGGGCCUUAUAAUGGGCAUCCAUCUUUAUUCAUAACAUUUUUUUUGUUGUUGGGG,
1,6538703,6538797,+,AUAGAUCGGUAAAAGCAUGUUUUC,24,3,11,1,27.37,-22.00,-0.846153846153846,-23.1578947368421,0,(((.(.(((((((((.((((((.((((..(((((((((((.....(((......)))))))).))))))))))))))))..)))))))))).))),GAUCGAUGAUUAUAGUAUAGAUCGGUAAAAGCAUGUUUUCAAUGAUUCAAUAAAGAAGAGAAUCAUGCUUAUCAUUUGUUUCUAUAAUUACUAUC,
1,6542772,6543084,-,,,0,65,0,38.66,-32.71,-0.650413223140496,-25.1437699680511,0,((((((((.(((((((((((...(((..((.((((((((((((......................................................................................................................................................................................................................................)))))))))))).)))))))))))))).)).)))).)))),AGAUCGUGUGUGUAGAAGAAUUUUGGUAGGAUGUGCUUUGUUCUAUCGCCUUUGAUGUAUCCGUCUUUGAGUUGUGCGAUGCAUGCUGCAUUGUCUUCGUACAUAAUUGUUGGAGUCUUUUUUCUGCAUACAUACCACAGUCUUCUUGUAUAUGGUGAACUAUGGAUCUUAGCCAUACACACUCGCGGCUAUCUUCAUGAAUUGGUAAAAUCUCUGCAUGAUUAAACAGUAUUUGAGAAUAAGUCUGCCAAUUCUUCUCUUGAACAAAUUUCUGGAUAAAGUACAACCCCAUUCUUCUGCUGCUCAUGAAUCU,
1,6543242,6543337,+,,,1,24,0,36.46,-30.00,-0.857142857142857,-31.25,0,(((((.(((.(((((((.(((.((...(((((.(((.((.....(((...)))....)))))))))).....)).))))))))))..))).))))),GAGUAAUUGUAUGUUGCACUCUUUUUCCCUUAACCAUGGUUUUUCCCAUUGGGUUUUCCUGGUAAGGUUUUUAAUGAGGCAGCAUUUCAAAUACUU,
1,6543291,6543423,+,,,1,261,0,39.10,-36.40,-0.7,-27.3684210526316,0,(((((((...((((..(((((((((((.((((.((((((((((((((..(..(..(((((.(......)))))))..)..))))))).))).....))))..))))))))).)))))).))))...))))))),UGGGUUUUCCUGGUAAGGUUUUUAAUGAGGCAGCAUUUCAAAUACUUUACGAGUUAUGAUACUAUAAUGGUCAUCAGGGGGAGUGUUAUGAAUAAAGAUGGAUGCCCAUUAUAAGGCCCAUCAUCUAAGCCCA,
1,6543374,6543768,-,AGAUGAUGGGCUUAGAUGAUGGGC,24,2,1376,0,37.97,-26.26,-0.718666666666667,-27.2911392405063,0,((((((((.(((.(((((((((((((.((((((((((..............................................................................................................................................................................................................................................................................................................................)))))))))).)))))))..)))))).))).)))).)))),UGUUUGAACAAAUGUGGAUCCAUUAUUGGGCUCAUUGAUGACUAUUGGAUUAGGGCCCAUUUGGUUCGCCGUUUGGCACGCUACAGCCACAAAUGACACGUGUAGGAGAGGAAGACGGAGUUAACGGGGAUGGUCACGGGAUCAUCCAAUGAACGUCAGUUAUUUUAAUGACUCAUUUGUAUUUGGCCACGUCAAAAUAUUUAGCAAAAUUCAAAUAUUUUAACUUCUUUUUUGUUAUAAACAGAGAAAGAGAUAGAAGAAAUGAGUGUGUUAUUCCAUUGAGAUAAAGGGUUCUUUAUAUAGGAGUACAAGGAAAAGGGUAAAACCCUAGAAACAUCUAGAUGAUGGGCUUAGAUGAUGGGCCUUAUAAUGGGCAUCCAUCUUUAUUCAUAACA,
1,6589744,6590121,+,,,0,27,0,38.36,-26.85,-0.606896551724138,-23.2804232804233,0,(((.(((((((...(((((((((.((((((((((...(((((....................................................................................................................................................................................................................................................................................................)).)))...))))))..)))).)))))))))..))))))).))),CGAUGGAGAUGCUCUCAGUUUCUGUGUGUUUGGUAACUUGGAAAGCCAAAUUCUGGCACUGCAAAAGCUUAUUUAAACAAGUAUAUUUCAGGAAAAAGGAAGCGGGAGAGGGGAGCCCAGUACUUGAGGACAGGAGAAGGAUUGAUUGUACAUAAAUCUCUUUCUUUUUUGAUUGCCUACAAAAUCGGCUUCGGGACUAAAAUUAGAACUCCAUUGGAGAAUGAGUUAGUCAAAAAAAAAUUCCCUAAAUUAAGACAAAUGCAAGCACAAGAGAAGCAAAAUCUCUCUGUCUCUUCUCUGAAUUCAAAACAAAGGUUUUUCAAUCUGUCAAAGCUCACAAUGAACCGAAAUUACAGAGAGAUUGACUCGUCUUCUUCG,
1,6592984,6593131,+,AAAGAUAAAGCGGAUUAAACUGUU,24,4,22,3,36.49,-34.20,-0.633333333333334,-23.1081081081081,0,(((((...(((((((((.(((((.(((.((.((.(((...........((((.((((((.((.(((((.........................))))).)).))))))))))))).)).)).))).))))))))))))))...))))),GACGGACAAAUCUGUUUAUGUUUGUAGUGUUGAGGACUCAAAAAAAAAAAACUCAUUGCUGACCAACUACAAACCGCUUUUACAUACAAAUAGAGUUGCUCCGCAAUGGUUUGUUGUCUACCCUAAAGAUAAAGCGGAUUAAACUGUU,
4,50512,50681,+,,,1,21,0,51.18,-36.38,-0.885057471264368,-45.2941176470588,0,(((((((.((((..((((((((((.(((.((((((..(((((.....................................................................................)))))..)))))).)))))))))).)))..).))).))))))),GGUGAGCUGGACAAGCUAGGAUGAACUAGCUAGCUAAGUUAGGUGAGCUAAACCAGCUGGAAGACUAGCUAGCUCAGCUAGGUGAGCUGACCGACAGCUCGACUGAGCUCGGUGAGCUGAUCGUGUACUGACCCAGCUGGGUGGUCAUUCUAAGUAAGAUCUUGCUUACU,
4,77043,77331,-,,,1,213,0,46.37,-59.19,-0.766417910447761,-35.5363321799308,0,(((((.(((..((.((..((((((((((..(((((.(((((..(.((.(((.(((((.(((((......(((((.....((((((((.((((...............................................................................................................))))...))))))))))))).....)))))))))).)))..)).)..))))))))))..))))))))))..)).)).))).))))),UGGGCCUCUUCACCUAUUGCCAAUUGGUUUUAGGUUGGAAACCCACACUCUAAUAUGGUAUCAGAGCCUGAUCCGCACAUACUCAACCCGAUCCACAUCGGUCCGGCCCAAUACUUGGCCCGCCGAUCCAUGCCCAAACAUAUCGAGAUCAAUGGCUAGAAGAACCAUCAUCUCGAGGGGGCGUAUUAGGGACAAUGUCCCACAUCGAAAGUUGAGUAGGAUCUUAAGUGAUAUAUAUAAGAUAUGAGCCUUUCCAUCUAUUGCCAAUUGGUUUUAUGUUGGAAGCCCA,
4,77276,77585,+,,,2,103,0,45.16,-43.29,-0.815,-36.8064516129032,1,((((.(((.(((((((((((.(((((...((((((((...((.((...((((((((((...................................................................................................................................................................................................))))))))))..)).))...))))))))...))))).).))))))))))))).)))),AUAUUAGAGUGUGGGUUUCCAACCUAAAACCAAUUGGCAAUAGGUGAAGAGGCCCAUAUCUUAUAUAUACCACUUAAGAUCUUAUUCAACUUCCGAUGUGGGAUAUUAUCCCUAAUACGCCCCCUCGAGAUGAUGGUUCUUCUAGCCAUUGAUCUCGAUAUGUUUGGGCAUGGAUCGGCGGGCCAAGUAUUGGGCCGGACCGAUGUGGAUCGGGUUGAGUAUGUGCGGAUCGGGGUCUGAUACCAUAUCAGACUGUGGGCUUCCAACGUAAAACUAAUUGGCAAUAGGUGGAGAGGCUCAUAUCUUAUAU,
4,297901,298116,-,,,1,301,0,31.02,-13.88,-0.791044776119403,-24.537037037037,0,((((..(((((((.(((((((((.((((..((((....................................................................................................................................................))))..)))).))))))))).)))))))..)))),CAUGUUUUAAAUGGUAGUUAACUCUUAGUUCAUGUUUAAAAUGGCCACAUAUAAAGUCGAUGUUUAAAAUGACCACAAUUUAAAACUUGACUAAUAAAGUCGUUAACGGAUGAUAACAGAAGUUAGAAGUUCCGUUAAUGACUGAUAACGGCAUGUCUAUUUUGGCCUGGUUAACGAAUAAUCAUGUUUUAAAAGUUAGUUAACGUUUAGUUCAUG,
4,298193,298561,-,AAGCAGAACCCAAGAACAUAGUUU,24,2,300,0,30.89,-50.55,-0.774561403508772,-23.929539295393,0,((((((((((.(((...(((((((((..((....(((((((((((((.((((((.((...(((((((((...((((((((((.........................................................................................................................................................................................................))))))))))...))))).))))...)).)))))).))))))))))))).....))..))))..)))))....))))))))))))),GUUAAUGACUGCUAAUCUAUCCAAAACAACGUCGUUUGAGAAUAAUCGAAAGAACAUAAAGAUUUUUUCCAUAUGAAAUUUCCAUAUCAAAAAGUUUUAAGCAGAACCCAAGAACAUAGUUUGAUAUAGAGAUAACCGCAGUGCCAGUAAUUGGAAGCAAAUAAAGGUGUUUUCGUUUAUAUAUUUGUUUUAAAUUUUAAAAGGAAUCAUGGAAGCAAAUUGAAGACUCAUUAUAAGAUUGUUCGUCUUGUUUGAGCGGUUGUAGAAAUAGAUUUGGGGAACUGGAGUUUCAUUUAGAAAACAAUCCUGAUUUUCUUUGGAUUAUUCUCAAAACAAAGUCAUUUUAGGGAUACUAAUAGAGUCGUUAAC,
4,313266,313379,-,,,0,36,0,29.82,-23.80,-0.7,-20.8771929824561,0,(((((((((.(.(((.((.((((((((((.(((((.(((......(((.((........)).)))......))).))))))))))))))).)).))).)......))))))))),CUAUCAAAAACUUAAAACCUUUCAAAACCUCUUGGUAUAUUCAAAUUAGGAUUCUUCAUUCAUGAAAUCAUUAUUCCAAGGGUUUUGGGAUGUCUUACGAAAUAAUUUUGGUAG,
4,370740,370935,-,AAUAACAAUUAUAAACUGUAAAAU,24,1,34,0,24.49,-11.40,-0.74375,-18.2142857142857,0,((((((...((((((((((((((((..(((((.....................................................................................................................................))))))))))...))))).)))))))))))),UCUCAUGGAUUUGUCGUAUAGCGUUACUUAAUAACAAUUAUAAACUGUAAAAUAUAAAUAUUUUAUAAAACUAAAAUUUGCAAAUUUUAAUAUAUAUUACUUUUAAAAAAUAAAUCAUUCCGCGGUAUACCGCGGGUUAAAAUCUAGUUAAGUAUGUAUAGAUUAAUUGAAACGUGUAUGUACUGAUAAAGUGGGA,
4,434304,434483,+,AGUGACCAUUGGAGCAUCGUGCCU,24,6,152,3,31.11,-66.37,-1.31607142857143,-40.9444444444444,0,(((((((((((((.(((((((((((((((((((...(((((((((.(((((((.(((((((......................................................))))))).))))))).)))))))))...)))))))))))))))....)))).))))))))))))),UGACUCUAUUUUAGAGGCUGCUCCAAUGGUCACAUGUAAAAUAGAAUUUUCUUUAAAAUAGAGGAGAUAUCAUCUCUAUAAAUAAAGAUCUCUACAUUUAGUCUCUAUUUUUUUCCUAUUUUUGAGGAAACUCUAUUUUAAAAGUGACCAUUGGAGCAUCGUGCCUAUAAAAUAGGGUCA,
4,524541,524668,+,,,0,13,0,32.81,-31.20,-0.742857142857143,-24.375,0,(((((((((((((((((...............((((......((((((((((.(((....((((.(((.....)))...))))....))).))))))))))..))))...))))))))).)))))))),ACAAACCGCUGCAAACUUAGUUUAAAGUCAAUCCGCAUCAAAUUUAUUUGUUUUUUUGGUUCUGCUUCAUUACGAACUAUAGAUUGUGAAUGAUAAAUAAAAAGCGGUUCGGUUUGUAGAUGGUUUGU,
4,618259,618526,-,CUAUAAAUUAAUAAUGUUGGGACC,24,3,119,0,15.67,-12.02,-1.25952380952381,-19.7388059701493,0,(((((((((((.((((((.(((((...((..((((........(((((((............................................................................................................................................................................))))))).......))))..))))))))))))).)).))))))))),AAAAAAUUGCAAGAUUAUCAUAUAAGUCACUCAACCAUAUACAGUAGAAACUCUAUAAAUUAAUAAUGUUGGGACCAUGAAAUUUUAUUAAUUUAUAGUGAUAUUAAUUUAUCCUAUAAAUUAAUAUUUAUUAAUUUAUCGUAUAAGUUAAUAAAUAUUAAUUUAUAAAAAUAUUUAUGUAAAAUACAAUACUAUAUUCUUUUUAAAAUGUUUUUAAUUAAUUUUCUAUAUGCUUUGUUGUUUGUAUAUAUAAUUAUGUUAGUUUUUU,
4,743281,743392,-,AUUUAGGGAAUCUAGUUUUUACUC,24,3,25,2,22.32,-19.50,-0.78,-17.4107142857143,0,((...(((((..((((.(((((((.((((((((((((((.....(((.((((..........)))).))).....)))))))))..)))))))))))).)))).))))).)),GAUUUUAAAAUUUUGGUUUCCCUACAAUUUGAAAAACUAUUUUGUUGUAAUUUUCCAUUCAUGAUUUUAGUUUUUUAGUUUUUCUAAAAUUUAGGGAAUCUAGUUUUUACUC,
4,743386,743470,-,AAGGUCUUGAAUGUUUUGUAGAUU,24,4,44,2,22.35,-24.00,-1.26315789473684,-28.2352941176471,0,(((((((((((.((((.((.((((.......(((((((((((........))))))))))))))).)).)))).))))))))))),UAAGGUCUUGAAUGUUUUGUAGAUUUUGUAAGAGUUUUUGGAUUUUGUUUUUCAAAAACUUAUUUUCAUAACAAUCAAGAUUUUA,
4,983183,983345,-,,,2,247,0,23.31,-20.14,-0.805263157894737,-18.7730061349693,1,(((((.((((((((..((((...((((.(((((.................................................................................................)))))..))))....)))).))))))))))))),UCAAGUGAGAAACUAUGAGAUACUCUCUACAAGCCAUCAUUACAUUUCUCUUCUUUUAAUUGAUUCAAUUUUUACACUAAAAUAAAAAUUUAAUCAUAUAAUAAAAUUAUAAUAAAAUACUAAUAUUUUUCUUGUUCGAGAAACUUUUUGGGUUUCUCCUUGA,
4,983292,983369,+,AUGUAAUGAUGGCUUGUAGAGAGU,24,4,567,1,35.90,-25.80,-0.921428571428571,-33.0769230769231,0,((((((((............(..((((((((((.(((((.(((.....)))))))).))))))))))..))))))))),AGAAGAGAAAUGUAAUGAUGGCUUGUAGAGAGUAUCUCAUAGUUUCUCACUUGAGAAACUUUCUACACUCUCUCUUCU,
4,985565,985737,+,GAGAGAGAGAGAGAGAGAGAGAG,23,3,10,2,36.42,-24.93,-0.758730158730159,-27.6300578034682,0,((((.((.((((((((.(((.((.(((((((((...........................................................................................................))))))))).)).))).)))))))).)).)))),UUCUGUUCUUCUCUCUGUUUGUUUGAAUUCAGUAGCAAUUGUGUAUUGCGUCUUAACGUCUUAAGCUAAUAUACCCUUAAGACUGUGUGAUUUUUCUUAGUUAUGAGUCGUAUUAAGAAUCCAAUUGCUUCGUUUUCUGAAUUGGAUUCCGAGAGAGAGAGAGAGAGAGAGAG,
4,1001115,1001209,+,,,2,164,0,15.79,-12.50,-0.833333333333333,-13.1578947368421,0,(((.((((((((((((((((((((...((((((((((..((.......))..))))))..))))....)))))))))..)))).))))))).))),GUAAAGAUGAUUUAAAAAUAUAUGAUAUUAUUUUAUUUGAUUUUAAAUGUAUAGUAAACUGUGAGUUGUAUAUGUUUUAUUGAUAUUAUCUAUAU,
4,1023847,1024244,-,,,2,364,0,34.17,-110.57,-1.58823529411765,-54.2713567839196,1,((((((.(((((.(((((((((((((((((((.(((((((((((((((((((((((((((.(((((((((((((((((((((((((((((..........................................................................................................................................................................................................................))))))))))))))))))))))))))))).))))))))))))))))))))))))))).))))))))))))))))))).))))).)))))),AACUUUCAAAAAAUGGCCAAAUUAACCGUGAACUUUUGAAAUGGUCGUUUUAUACCUCAAAAAAAAGUUGAUUUCUAAUUUAACCUAUAAUUUAUUGUUGACUUCUAAUUUAACAUAUAAUUUAUCGUUGACCCAGCCAAAUAGACUCACCGUUAACACUCCUUAACAGCGCUCCUAACAGCCGUUACAAAACAUGGCCUAACAGCCGUUAUCGUUGGUUUAAGGACAAAAACAGUUGUUAGUUACGCUGUUAGGAGAGCUGUUAAGAAGUGUUAAUGGUGAGUCGAUUUGGCCGUGUCAACGAUAACUUAUAGGUUAAAUUAGAAGUCAACUUUUUGUUGAGGUAUAAAACGGCCAUUUCAAAAAUUCAUGGUUAAUUUGGCCACUUUUUAAAAGUU,
4,1116570,1116885,-,ACGAAUCAAACAGUGAAAAGUGAC,24,5,1438,2,28.48,-152.00,-1.68888888888889,-48.1012658227848,2,((((((((.....(((((...((((((((((((.(((((((((((..(((.(((((((((((((((((((((((((((((.((((((((((((((((((((((((((((((((.(.(((((((.((((((((.((..((((((((.........................))))))))..)).)))))))).))))))).).)))))))))))))))))))))))))))))))).))))))))))))))))))))))))))))).)))..))))))))))).))))))))))))...)).))).....)))))))),UUUAAGGGUUAAGUUGUAUACUAGUCACUUUUUAAAAUUUAAUUGAAAAAAUAGUCACUUUACUAUUUAUAAUUUGCAAAAUAGUCACUUUUCACUGUUUGAUUCGUACACUUAGUUUGUACACCACUUUUAGUGAUCAGAUGUAUAUAAAAAAUACACAGCGUACACUUUACAUUUGUACAAUAAAAGUGAUGUACAAUCCAAGUGUACGAAUCAAACAGUGAAAAGUGACUACUUUGCAAAUUAUGAAUAGUAAAGUGACUACUUUCCUAAUUAAGUUUGAAAAAGUGACUAUUUUGCCAAAACACCCCUUGAA,
4,1190061,1190301,-,,,2,101,0,24.07,-35.00,-0.98448275862069,-23.6929460580913,1,(((((((((.((((((..(((((((((((((((...............................................................................................................................................................................)))))))))))))))..)))))).))))))))),UAUUCCCUCCGUCCCACUAAGAUGAAUUUUUUAAAAAUUUCACAUUGUUUAAGAAAUAUUGUAUAAAGACAAUUUUAACCUCUUAAUAUACUUUAAAAAUAAUAAUAAAUAUUUAUCUAAUUAUUUAGUAAGGAUAAAACGGGAAAACAGUUUUAAAAUUUGCAUUGGAAAUAUAAAACUUCUAUCUUUGUGGGACAAAUAUUUUUCCUAGAAAAUUUAUCUUUAUGGGACAGAGGGAGUA,
4,1212018,1212144,+,AAGUGGUAUAUAGAAUAUGAGCCU,24,4,94,2,33.07,-66.10,-1.57380952380952,-52.0472440944882,0,(((((((..(((((((((((((.((((((((((((..((((((((.((((((((((..............)))))))))).))))))))....)))))))))))))))))))))))))..))))))),UAUUGAACAUUGAGUAGGAUCUUAAGUGGUAUAUAGAAUAUGAGCCUCUCCACUCAUUGCCAAUUGAUUUUGAGUGGAGAUGCUUAUAUCUUAUAUAUAUCACUUAGAUCCUACUCAAGUUUCAAUG,
4,1230915,1231313,-,,,1,36,0,33.58,-70.02,-0.988432835820895,-33.1954887218045,0,(((((((((((((.((((((.((((((((((((((((((((((((((.(.............................................................................................................................................................................................................................................................................................................).)))))))))))))))))))))))))).)))))).))))))))))))),AUCCGCGUUUAUUAUACCGCUAUUGUGAUUUACCCGACUAAUCCCACUCACACAAAAAAGCAAUCUAUGUGAUCAAUGAGAGUAGUUCUAGUUCUUUAUUGAUUUAGAUUGUCAUUGGAACAAUCUUCAACCUUUUUUGUCUAUCUUGGAUGAUGUAUUUUCGGAAAAUGAUUCUCUUUAAGAUGAUAUUAUUUAGGUUGACUGAUUGAUUUGGAGUCUUAUCUAUCCUUAUGAUUAGGAGUUUUAUCUAGUUCGAUUUGUCAUUUUCCUUACCAAUUAACACAACACAUAACAUAUAUAGAUAGAUUCACAUUAUAAAACAAAGACAAAACGACGUCGUUUCUUAACGGGUGUGGGAUUAGUUGGGUAAAUCACAAUCGCGGUACAGUAAACGCGGAU,
4,1231264,1231345,+,AAACGCGGAUUUGUGGUUAAUCUC,24,3,69,2,40.24,-22.20,-0.672727272727273,-27.0731707317073,0,(((((.((((((((((((..((((((((..(((..........)))....))))))))...))))).)))))..)).))))),UGAGUGGGAUUAGUCGGGUAAAUCACAAUAGCGGUAUAAUAAACGCGGAUUUGUGGUUAAUCUCGAUUUAAUGACCGGUUCA,
4,1270783,1270953,-,,,0,66,0,47.95,-23.20,-0.615853658536585,-29.5321637426901,0,(((((((((..(.(((((((...((((((((((.....................................................................................................))))))))))....))))))))..))....))))))),GCGGAGAAGCUGUAGGCGCUUUAUCGAGAGGUUUUGUGUACGGGCUUCUGCUAAGGUUUGCUCGUGGCAACUAGGAUGGGACUCCAACUCUUUGGUAUCUUCGAGUUGUGGAAAUCACGCAAAUUUCCGAGUUUAGCUUCUCGGAAUCGGUGUUUCUUCUCUUAUUUCCGC,
4,1282699,1282957,-,,,0,83,0,24.32,-15.55,-0.606349206349206,-14.7490347490348,0,(((((((((((((.((..((.(((..(..((((((.(((...((((((((((((((((...........................................................................................................................................))).)))).)))))).)))...))).)))).))..)..))).))..)).))))))))))))),AUAAUUGAAUAUUUUUUAGGAUGAUUUAAUAAAUUUAUGCUAUUGUUUGAUUUAAAUGUAUAAUUCACCGCGUGACGAAAUUUUAUAACUCAAAUUUUAAAGUUUAAAGUUGUAUUUGUUUAUUUUGUUAAAUGUUUAAUAUUGUAUAAUUGUAUUUUGAUUGUUGUUUAUCAGAUUUCACCCGUAGUACACCAUCCCAUAUUAAUAUCGAAUCAAACCCGUCAAUUCUAAGAUUUCACCCGUGAUAGUAUUUAAUUGU,
4,1438780,1438882,+,UGUCCGUUGGAGAUUCUAUUGCCU,24,3,17,1,35.92,-32.90,-0.889189189189189,-31.9417475728155,0,((((.((.((((((...........(((((((((((((.(((.((.((((.(((((...))))).)))).))))).))))))))))))))))))).)).)))),CAUUUUCUGGGCAAAUCAAAGAAAUUGGAAUCUUUAAUAGACUAAACAUUGAUGUCAAGGAUAUGAGUGAUUGUCCGUUGGAGAUUCUAUUGCCUUGGUGAUG,
4,1439203,1439307,-,,,1,98,0,28.57,-24.30,-0.81,-23.1428571428571,0,(((((((.(((((((((((((..((((((((..((((((.((.....((((......)))))).)))))).))))))))...)))).))))))))).)))))).),CCAAUAGUGAGAAGAGAAAUGUCAUGAUGGGUUGUAAAGAGUAUCUCAGAAUUAACUUUCUACACUUUAUUUCCGUCAUUUUCAUUAUUUUUUUUUUUUAUUGUG,
