name,identifier,start_position,end_position,quality,%GC,mfe,mfei,amfe,alignment,reads,structure_stemloop,sequence
1,1-20,55915,56006,0,33.70,-23.40,-0.754838709677419,-25.4347826086956,0,12,(((((((((..((((((((.....(((.(((....(((((((......))))))).......))).))).....)))))))).))))))))),UAAAUUGCGUUUUUGACAGGAAAAUGUGAAAUCUUUUUGGCAGGAAAAUGUUGAAUGUCUUUUUUGGCGGUAAACUGUUAAAUCGCGGUUUA,
1,1-21,56391,56629,0,38.08,-15.12,-0.732967032967033,-27.907949790795,0,76,((((..((((......((((((((((((((((((............................................................................................................................................................................))))))))))).)))))))....))))..)))),AAACUCUAAGAAAACGAUAAAAACCAAGUUGGGUACCCACGAGUAGUCUCGGAAUAAUCAGGUUUUUUCGGGUUUUACCCACUUAUUCAAAAACCCAUCUGGGUUUUUUAAAGUUGGAUUUUUGGUGGACGGGUUUAUUUUGGGUUCAGGUCGGGCUGAGCUUUUUUACCCACCACAACAUCUCUAACUACUACAGACACUGACAAAUCUGACUUGGCUUUUUAUAAAACUUAAUGUUU,
1,1-17,424017,424353,1,26.11,-88.63,-1.02727272727273,-26.8249258160237,0,10,(((((((((((((..((((((.(.(((((((.....(((((((((.((((.((((((.((((((.(((.((.((((((..((((((((((((.....(((((((.(.((((....(((((((((((((.................................................................................)))))))))))))....)))).).)))))))......)))))))).)))).)))))).))))).))))))..))))))..)))))))))))))....))))))).).))))))..))))))))))))),AUAAAUGCUAAAUAUAUAUGAAGAUGUGAAAAACAUGUUGGAUUUAUGGAAUCGCUAAUGACCACGGUUCAAUGGCGGGAUCCAAAAUCCGGUUAGAUUUCACAACGUCAUAUUAAUUUAGUAUUUGUAAAACCUUUUGAAAAUAAAAUAAAAAAAAAAAGACAAAAAAAAUAAAGAAUUAAAAACCUUUUAAGAAAAUAAAAUAAAAAAUAAAUGCUAAAUAUACAUGAAGAUGUGAAAAACAUGUUGGAUUUGUGGAAUUGCUAAUGACCAUGGUUAAAUGGCGGGAUCCAAAAUCCGAUUAGAUUUUAUAACGUCAUAUUAAUUUAGUAUUUAU,
1,1-18,431927,432041,1,47.83,-49.00,-0.890909090909091,-42.6086956521739,0,23,(((((.((((((((.(((((..(((((...((((.((...((((((........(((((....))))).....))))))))))))..)))))...))))).)))))))).))))),UGGGCGUGUCCGUAGGGACAAUUCUUUUUAUGGGUCAAGUUGGACGGUCCAUAAUGGACAAUGGUCCGAAAAAUGUCCAUGCCCAAUAAAGACCAUGUCCAUAUGGGCAAGCCCA,
1,1-19,512714,513113,1,33.5,-76.44,-1.61791044776119,-54.2,0,40,((((((((((((((((((((((((((((((.((.(((((((((.(((((((((((((((((((((..............................................................................................................................................................................................................................................................................)))))))))))))))))))).)))))))))).)).)))))))))))))))))))))))))))))),GAACUUUCAAAAAAUGGUCAAAUUAACCGUAAACUCUUGAAAUUGUCGUUUUAUACCUCAACAAAAAAUUGACUUCUAAUUUAACCUAUACUUUAUCGUUGACUUCUAAUUUAACCUAUAAUUUAUCGUUGACUCGGCCAAAUCGACUCACCGUUAACACUUCUUAAUAGCGCUCCUAACAACCAUUACAAAACAUGGCCUAACAGCCGUUGUCGUUGGUUUAAGGACGAAAACAAUUGUUAGUUACGCUAUUAGGAGAGCUGUUAAGAAGUGUUAAUGGUGAGUCGAUUUGGCCGAAUCAACGAUAAUUUAUAGGUUAAAUUAGAAAUCAACUAUUUGUUGAGGUAUAAAACGGUCAUUUCAAGAAUUCACGGUUAAUUUGACCAUUUUUUGAAAGUUC,
1,1-1,1250417,1250546,1,33.08,-19.25,-0.830232558139535,-27.4615384615385,0,10,(((((((.((((((..((((((.(.(((((((..................................................................))))))).).))))))..)))))).))))))),UAUAAAUACUAAAUUAAUAUGACGUUGUGAAAUCUAACCGGAUUUUGGAUCUCGCCAUUUAACCGUGGUCAUUAGCGAUUCCACAAAUCCAACAUGUUUUUCACAUCUUCAUGUGUAUUUAGCAUUUAUG,
1,1-2,1430290,1430422,2,48.87,-60.20,-0.926153846153846,-45.2631578947368,1,66,(((.....(((((.((((((((((((((....(((((((((((...(((...((((((((........))))))))...)))......)))).)))))))...)))))))))))))).))))).......))),GGGACCAUUGGGCGUGUCCGUAUGGACAGUUUUUUUUAUGGGCCAAGUUGGACGGUCCAUAAUGGACAAUGGGCCGAAAAAUGUUCAUGCCCAAUAAAGACCAUGUCCAUAUGGGCAAGCCCAUGUAUAGCCC,
1,1-3,1430865,1431005,1,48.94,-47.01,-0.944927536231884,-46.241134751773,0,49,((((((((((..((((((((((......(((((.((((((((((.........................................................)))).)))))).))))))))))..))))).)))))))))),GCCCAUGGGCUUGCCCAGUCCAAAUGCAUAUGGACAGGCUAUAUUCUGGACUAUAAAACAAAUGGUCCAAUUGGGCAUAUGACCAGUUUUGUCCGCGGAUAAUAUGGGCUUGACCAUAUGGACAAUGGGCUGCCCAUGGGC,
1,1-4,1442611,1442870,2,33.46,-67.41,-0.917241379310345,-30.6923076923077,2,27,(((((((((......(((((.(((((((((((..((((..(((((((((((...(((((((((((((((((....(((((..(((((((.(((.....................................................................)))..)))))))..)))))......)))))))))))))))))...)))))))))))..)))).))).))))))))..)))))......)))).))))),UUUGUCAUGUUUCACCAUUACUCCACAUGUUAAAGUUUAAUUGGACAAGUUAUAAUGGAUACAAACUAUCAUUAACUAAUUGGAUUUUGAGUGUUGCUAUUUGAAAGCAAUGUCUACAUAUUGUUCUUGGGGCUUGGAGACCUAUAGGAUUAUUAGUUUAUACAUAAUGAAAUCGUGUUGGAUGCUUUGAUAGUUUGUGUCCAUGAAAACUUGUCCAACAAGAUGUGACCAUGUGGAAAUGAUGUAUUCUCAUGUGCGAA,
1,1-5,1445466,1445743,2,32.73,-70.52,-0.873626373626374,-28.5971223021583,0,123,(((((((((((.((.(((.(((((((.....((((((((((((((((((..(((((.(((((.((((....((.((((.((.(((((((....((((((..((((((.((((((((...............................................)))))))).)))))).))))))....)))))))))))))))))))..))))).))))).))))....)).)).)))).)))))).....))))))).))).)).))))))))))),CUAGAUUUACAAAACGAUAGGAAAACUAACCGGACUUUGAAUCCUGUCACUUGACUUAGUCAUUGAUCGUUAGCGAUUUCACAAGUUCAACUUGUUUUCAGAUCGUUAUGUGAAUUUAGCACUUUAGUGUUUUAGUCUUUUUUUUUUGUUUUGUUUUAGACUAGAUUUACAAAACGAUAGAAAACUAACUGGACUUUGGAUCCUGUCACUUGACUUAGUCAUUGAUCGUUAGCGAUUUCACAAGUUCAACUUGUUUUCUGAUCAUUAUGUGAAUUUAG,
1,1-6,1445788,1445905,0,37.29,-32.90,-0.747727272727273,-27.8813559322034,0,51,(((((((((((.((((((.(((((.......((((((((((((((((((..((((...)))).))).)))....)).)))).))))))......))))).)))))).))))))))))),CUAGAUUUACGAAACGAUAGGAAAACUAACCGGACUUUGGAUCAUGUCACUUGACUUAGUCAUUGAUCGUUAGCGAUUUCACAAGUUCAACUUGUUUCCGAUCGUUAUGUGAAUUUAG,
1,1-7,1476478,1476712,1,25.11,-22.77,-0.883050847457627,-22.1702127659574,0,11,(((((((((((.((.((((((((((((....................................................................................................................................................................................))))))).))))).)).))))))))))),UCCUUCUGUCCGAUAAAGAUAAAUUUUCUAGGAAAAAUAUUUGUCCCACAAAGAUAGAAGUUUUAUAUUUCCAAUGCAAAUUUUAAAACUGUUUUCCCGUUUUACCCUUACUAAAUAAUUAGAUAAAUAUUUAUUAUUGUUUUUAAAGUAUAUUAAGAGGUUAAAAUUGUCUUUAUACAAUAUUUCUUAAAGAAUGUGAAAUUUCUAAAAAUUUCAUCUUAGUGGGACGGAGGGA,
1,1-8,1522757,1522893,1,27.74,-31.20,-0.821052631578947,-22.7737226277372,0,13,((((.((((.....(((((((((((((.((((((((((((((...((((..((((((.....((((.((....)).))))))))))..))))...)))))))))))))).))))))))))))).....)))).)))),UAUGUUUGUUUUUCACGGUUAAUGGUUAUGGUUAUUAACCGUUUUAAUAAUUUAUUUUCACGGUUAAUGGUUACAAUAAUAAAUGAUCUAUUUUCACGGUUAAUGGUUACGGUUAUUAACCGUUUUAUACGGUUAUG,
1,1-9,1592401,1592640,0,39.17,-14.82,-0.6,-23.5,0,119,(.((((((((((((.(((((((((.((((((............................................................................................................................................................................))))))..))))....)))))..)))))))))))).),CGUAAGAGAAAUAAUAAGCAGAGUUGGUUGGAUGAUCUCGAUAAUCGACUAGGGGUUUCUAAAUCACUUAUUGAAUACAUACGCCGAUGUUUCCCGCCCGCAAAGAAAUUUAUAUUAUUAGGUGGGGCUGAGAAUGGGCUUCGCUUUAAUGCGCUUAGAUUUAAAGGCCUUUGCAGUUUCUAUGAAUCGGCCUUCUCUGUGCACCAAUCCUACUUUUUUUGUUUUUUUGUUUUUUUUGGG,
1,1-10,1614416,1614589,1,33.33,-25.25,-0.617241379310345,-20.5747126436782,0,18,((((.....((((((((((.....((((...((((((((((((((((((((..................................................................)))))))))...))))))))))).......))))....)))))))))).....)))),GGUCAAAUGGGGUAGAAGGAGAUGGGUCAGGUUUUUAAUUUGGUUUAGGAUUGGUUUAAGUGGUUUAAUAUCGGUUUAUGUUAUAAACCAAUUAAUCAAACGUUUAUGUGUUUUGAGGUUUUGAACUUUCAAAUUAGGGAGAAAUAGGACUAGAACUUUCUAUUUGUGUAGACC,
1,1-11,1728976,1729208,1,28.33,-16.63,-0.845454545454545,-23.9484978540773,0,21,(((((.....((((((..((.(((.(((((((((((((............................................................................................................................................................)).))))))))))).))).))..)))))).....))))),AGUUCAAUUUGUUUUCUAAUCGUUAUGUAAAUUUAGCAUUUUAUUUUUUUCGUUUUUAGACUAGAUUUACAAAACGAUAUGAAAACUAACCGGACUUUGGAUCCCGUCAUUUGACCUAGUCAUUUGAUCGUUAGCGAUUUCACAAGUUCAAUUUGUUUUCUAAUCGUUAUGUGAAUUUAGCAUUUUUUUGUUUUUGACUAGAUUUAUAAAACAAUAUGAAAACUAACCGGACU,
1,1-12,1876228,1876510,0,25.80,-15.87,-0.695890410958904,-17.9505300353357,0,11,((((((.....((((((..((((((.(((((((.........................................................................................................................................................................................................................))))))).))))))..)))))).....)))))),AAGUUCAAUUUGUUUUCUAGUCGUUAUGUAAAUUUAGCAUUUUAGUUUUUUUAGGUUUUUAGUUUUUUUUUUUUUGUUUUAGACUACAUUUACAAAAUGAUAUGAAAACUAACCAGACUUUGGAUCCCGUCACUUGACUUAGUCAUUGAUCAUUAGCGAUUUCACAAGUUCAAUUUGUUUUCUAGUCGUUAUGUAAAUUUAGCAUUUUAGUUUUUUUAGGUUUUUAGUUUUUUUUUUUGUUUUAGCCUACAUUUACAAAAUGAUAUGAAAACUAACCGGACUU,
1,1-13,1975329,1975452,0,32.26,-29.60,-0.74,-23.8709677419355,0,41,((((.(((...((((((((((((((((....((((((.......(((((((((((((..(......)..)))))....))).)))))))))))....))))))))..)))))))))))..)))),UGUUUCCUUUGUAUUAGAGGAUCUAAUUUUUGGCCUAACUUAAAAUUAGUCUAUGUAUACUAUUUUGAUUACAUUUGUGGACCUAAUUGGGCCCUAUAUUAGAUUAUCUUUGAUAGGGCUGACG,
1,1-14,1975860,1976109,0,36.4,-16.35,-0.70989010989011,-25.84,0,19,(((((((...((((((((((((.((((((((.......................................................................................................................................................................................)))))))).))))))))))))......))..))))),GCAAAACAUAUGUUUUUUUGGGAGUUUUUAGAUAAUUAAAUCAGAGAAUAGGGCUGGGCAUAUGAGUAAUCUAUUCGAGUUCGGGUAGAACCAUUCGGGUUUGGGAUUAAUGGGUAUAUGAUUUACUACCCAAUAGAAUAAUUCUAAAUAUUCGGUUCUGGUUCGGGUCGGGUCCAGUUGGAUUCGGGUCAGUUUUGAUAAAAAGUUUCAGGCCCUAAAAAUACCCAAAAAAAUAGAAACGGUAUUUUGU,
1,1-15,2157456,2157661,0,35.44,-31.46,-0.680821917808219,-24.126213592233,0,94,((((((((((.((..((((((.((((((((((((....((.(((.(((.(((((...............................................................................................))))).))).)))...)).....)))))))).))))))))))..)).)))))))))),UUGGAAUUCUAGAGAGAUCAAAGAGUGUGUUCUUGUGAUCUGCUCUUGUGUGUUUAAGGAAAUCUCAGGUGACAAGCUAAAGUAGUUUAGAUCUUGUGUAAAACCAAUUAAGGUAGUUGUAAACUUCUUAAUCAGAUUUCUAAUAAAGUGAUACUCAGUGGUUCUGAGUUUGGGGAAUACGAUUCUUGGUUCAUCCGGAAUUUCAA,
1,1-16,2165554,2165711,1,37.34,-67.00,-1.13559322033898,-42.4050632911392,0,20,((((((...(((((((((((..((.(((((((((((..((((((((((..((((.((((((.((...((((...((((((...))))))))))...)).)))))).))))..))))))))))..))))))))))).))..))))))))))).)))))),GAAUAACAAAUUCUUACAUCAAGAAGAAGAGGAGUGAAAGGCCGAGAUACAGAUCGAAACAUAGAUAUCACUUACCAAUUGAUAAUUGGGUGACGCCUCUGUUUCAGUUUAGAUUUCGGCUUCCCAUUCCUCUUCAUCAAGAUGUAAGAAUCUUAUUC,
